ID,AAPL_01,MSFT_02,GOOGL_03,AMZN_04,TSLA_05,META_06,NVDA_07,JPM_08,V_09,UNH_10,HD_11,MA_12,PG_13,DIS_14,BAC_15,XOM_16,KO_17,PEP_18,CSCO_19,INTC_20,SPY_21,QQQ_22,DIA_23,IWM_24,ARKK_25,VTI_26,VOO_27,XLK_28,XLF_29,XLV_30,YPF_31,GGAL_32,PAMP_33,BMA_34,CEPU_35,TXAR_36,LOMA_37,TGSU2_38,EDN_39,SUPV_40,AL30_41,GD30_42,AE38_43,TO26_44,TVPP_45,DICA_46,CUAP_47,BPLD_48,TJ20_49,T2X3_50,PBY22_51,CBC1_52,MGC1_53,MCC1_54,CGC1_55,GNC1_56,RDC1_57,PDC1_58,YDC1_59,BDC1_60
AAPL_01,1.0,0.6992016948923644,0.7814749562508551,-0.5843417264952546,-0.5114806320249669,-0.3705371929719203,-0.2595285184165301,-0.30721867565637184,0.025704944957043965,-0.9961225081952282,-0.3350055938289552,0.6046886247184777,0.10096166922876856,-0.5140129094901514,-0.936254912022739,0.41201650574117743,-0.8628193231079668,0.350769994185625,-0.2563320466337542,0.5612073580771816,-0.8367435179575914,0.08517909556465668,0.46900840308332403,-0.5155875620698588,0.02970551084267526,0.7043512576299832,0.4367871459799548,-0.2697008324887176,0.07942976331848835,0.5851482965833086,0.17151799367955337,-0.8698026056769954,0.5539094360175447,-0.2120138582366914,0.524321082316993,0.5829508246758721,-0.042355525132157686,0.2711990129132438,0.15134002766763727,-0.49494158196212884,-0.6582334969113349,-0.26486890455198747,0.2577413828410322,-0.6652586873453099,0.5093233476423313,0.21165853594879885,-0.10702458083997994,0.7665666686881343,0.9368669451871984,-0.00825736314727535,0.8115757951437553,0.5221293554128282,0.2570424790417236,-0.1462905450773318,0.6794423654801307,0.40891395596178437,-0.9305825830259008,0.13702668969148762,0.1379295356659123,0.2261855823792794
MSFT_02,0.6992016948923644,1.0,0.764259041884269,-0.6205394459897697,-0.3028760383019549,-0.053228721354287245,0.44052827739123024,0.21270739293591856,0.6755434544053509,-0.7414669636079739,-0.10084706837131238,0.6903499201099554,0.6378688976714387,-0.040643439659430784,-0.6186642046582485,0.4162780228793012,-0.2893101543935104,0.24866951244153657,-0.04793395765034726,0.6036595060554402,-0.7960098252756804,-0.25148512359525205,0.06642253823859604,-0.8925359767456572,0.18370653746615445,0.8884469799309693,0.3164261704365903,-0.4606021311462275,-0.635859554140137,0.46820566291683713,-0.5472081008209878,-0.6722285779744579,0.8241110629345167,-0.4768957283436005,0.08617854422508647,0.11446056394369566,-0.07734945395929664,0.7084409199138981,-0.5590299629280098,-0.7824142715151637,-0.327472124755382,-0.6462853972130189,0.42529344986865003,-0.7751677335266861,0.9610520551308318,0.06356614691310779,-0.563870351305216,0.8085090936407057,0.737044001171388,0.646001999777188,0.15332962257353563,-0.024470772806735347,-0.3696808236213818,-0.6488095355966439,0.8303755103053791,0.8549632103653493,-0.6104529909627148,-0.4462677644186744,0.34551872450455373,-0.41293907955285597
GOOGL_03,0.7814749562508551,0.764259041884269,1.0,-0.9158525652237915,-0.22321121659515056,0.09556885573644487,0.28368289270132035,-0.4606118207623605,0.10958806025904652,-0.8236997380855523,0.09704326820242937,0.7549160298422208,0.10347459457787311,-0.6434465110763492,-0.6218564189768154,-0.03415682326912647,-0.5812493459004823,0.000626606715528382,-0.12355759804032793,0.9359720702180877,-0.7888242074830482,0.061913279038635465,0.6307991809799752,-0.6819579229245588,0.10057217896931044,0.5594727431650751,0.8313477191333704,-0.76423060780407,-0.1387756591663358,0.053906982858650775,-0.2967259195760777,-0.680072746099608,0.3192533569833432,0.1556605485248063,0.6162326193872715,-0.033194962751000694,0.07770564584720378,0.10282803112021993,-0.2871528325876034,-0.8957478905182518,-0.0777000723116021,-0.22289327294653669,-0.06715228475406608,-0.6237717691135024,0.6854519635544446,0.3344891665899033,0.09666496016110411,0.9294332454523612,0.6532250646004186,0.44110553837591243,0.498247864655662,0.579064009774591,-0.32196854271674774,-0.5423327147328644,0.6795571405125975,0.804458209859738,-0.7482234574253881,0.009590154577457056,0.23079551481881147,-0.3258696660976522
AMZN_04,-0.5843417264952546,-0.6205394459897697,-0.9158525652237915,1.0,0.35572348628907613,-0.007016972975998061,-0.3477027612245389,0.5131694054767815,0.008091148677589383,0.6202990304070366,-0.4820964527187529,-0.46273731119540523,-0.1738208900766546,0.7170965744710178,0.31393365883996305,0.057322164735605086,0.344917113969315,0.3992675694225664,0.38633041373488597,-0.9875215420360409,0.4807837947658098,0.20912094900200462,-0.7709157630986033,0.7252102763894037,-0.4199704561921104,-0.48841801160690357,-0.9038689432564704,0.9383858356176483,0.18018402971264527,0.10773348492607944,0.30321375118153104,0.3399866013330789,-0.17496139765029847,-0.2605946788342605,-0.7498581178743455,0.16228796414640392,-0.4419040113674261,0.09698867804720201,0.25591464768601146,0.9305293251087636,-0.21416710406524256,-0.09111584088433757,0.015150820633924044,0.6845225204503153,-0.6345043187556427,-0.04504284678321388,-0.18353808387439977,-0.9394779544547139,-0.3543196725748287,-0.5661058413535822,-0.3475048324819962,-0.6355881080413911,0.5202199103616845,0.7271612728527598,-0.36045499274719606,-0.7654278896150981,0.45595651973034856,0.17516891593531347,0.10480760990583751,0.5241058360292375
TSLA_05,-0.5114806320249669,-0.3028760383019549,-0.22321121659515056,0.35572348628907613,1.0,0.9260938121567885,0.39614937302099096,0.01859491920151437,0.10008627076362606,0.46003293154228175,-0.255252472536805,0.31675237539854423,-0.4655338089728854,0.29319707085228924,0.28798297442222887,-0.7959546261693216,0.26078995381935977,0.31636638438766407,0.9223840191004222,-0.21142777514932604,0.015286293108330129,0.6884216916640071,-0.40703063033947934,0.514109856765405,-0.7802508751560195,-0.6697642361025337,-0.06872735680671452,0.18166569326954848,0.07077905366197858,-0.6572770031633696,-0.36886834497698234,0.06180674092700711,-0.49582042742827076,0.4407060896755578,-0.5025717346526068,-0.6900581962917494,-0.6976047632252188,-0.10932710774629224,-0.4130105364842043,0.1809831962574333,0.37606693034854316,-0.33427133038908047,-0.7742254223944078,0.8111380392404466,-0.29940533298168803,0.7113635418060255,0.28741685495902036,-0.5230387810878213,-0.3225163205716965,-0.05451215406732986,-0.425409197818547,-0.3103198691094927,-0.137769895553797,0.3322775849552713,0.1253636479278787,0.003807054529166828,0.17371323725412868,0.4164162650955868,0.7138519903837294,-0.07640741645544115
META_06,-0.3705371929719203,-0.053228721354287245,0.09556885573644487,-0.007016972975998061,0.9260938121567885,1.0,0.6394970606216324,-0.09763836735159491,0.18526736959057957,0.29806196845571586,-0.031578395459565124,0.4906989456819133,-0.3379633783814867,0.10417148674021239,0.24711129371589052,-0.8450879617335586,0.23948929827399607,0.14277133620787075,0.8266544382256439,0.15062386355101895,-0.13496802219611967,0.5717028595054672,-0.18822804319339512,0.21137234035784777,-0.6126611692512994,-0.4930022783951496,0.24599072311174933,-0.1919673147289456,-0.09615975184460722,-0.745616220538118,-0.5941746276048062,-0.011360114626509443,-0.41969630063688873,0.5198934540928012,-0.3001636409797718,-0.847137775888937,-0.5431520220479262,-0.09885703154716197,-0.6190994558209774,-0.1949466603581053,0.5317262716195973,-0.34729266407786813,-0.7795510794913098,0.5701556753296917,-0.01753899803315756,0.7136724309198422,0.3049764544872078,-0.19184999830484642,-0.25090296814812113,0.2502238023117968,-0.41558578576892563,-0.16301247552821202,-0.4329739440497395,-0.0038360979471524113,0.26299620993254164,0.3437935740431592,0.07650802710292597,0.2731147681424397,0.7090576387687322,-0.37266779555692087
NVDA_07,-0.2595285184165301,0.44052827739123024,0.28368289270132035,-0.3477027612245389,0.39614937302099096,0.6394970606216324,1.0,0.30220171475383034,0.6688955072819602,0.18037807720522217,0.39952821758151374,0.35873009492720437,0.45620924456826184,0.2634042795104039,0.32659597307601285,-0.3064675703540899,0.5511913812818975,-0.2118345915164357,0.33848427829518246,0.39580606022203085,-0.11943650907510114,-0.21691615520602908,-0.2013698317448014,-0.5105093147297584,0.09728989519027047,0.14579904975441002,0.2502343997869233,-0.5500989237661733,-0.7746355677100846,-0.4180482408974117,-0.9826118108273849,0.11871820845090776,0.15075924742210775,0.015952149324312263,-0.2808706736128696,-0.8014791981928582,-0.04774992757023876,0.33256161663700634,-0.9648807857044578,-0.6259263283418285,0.5946764277139579,-0.4222510601260284,-0.10724655224737616,-0.12179424068218993,0.611068805854543,0.08661168505305046,-0.2664073957288641,0.2585312045951493,-0.20233791512599134,0.8948116552037996,-0.6826626224910944,-0.3799792802611554,-0.9254458634799833,-0.7202362355699425,0.30893656247701146,0.7707424363564285,0.2257933059010701,-0.5355197412090679,0.37434289372754576,-0.9177054709509564
JPM_08,-0.30721867565637184,0.21270739293591856,-0.4606118207623605,0.5131694054767815,0.01859491920151437,-0.09763836735159491,0.30220171475383034,1.0,0.8064351270450512,0.3027135937502265,-0.2174796386455947,-0.17212613919520184,0.72540075303437,0.9445120688068863,0.18051683279986366,0.5246715450001957,0.5761081823040504,0.2917939730679144,0.1881663733187951,-0.5548612450664071,0.12843679524298054,-0.4347170596039117,-0.8854138967109416,-0.20344519303509784,0.0878253370983034,0.32202332972847125,-0.7878407748301691,0.46060040507490824,-0.7252242425046684,0.4466669803051081,-0.4166601705638298,0.16282954938933797,0.598700405315259,-0.8319599782976314,-0.8521073195593329,0.06371805723204244,-0.23351111888151488,0.8045489458057878,-0.4440990891923781,0.2310156887578074,-0.2093575322057648,-0.5683567238028697,0.6153088710035772,-0.07551808555412702,0.3049845378982254,-0.3879798099383622,-0.9012485803589008,-0.3084403635943894,-0.05705055160595665,0.30921542259974405,-0.6503093026767015,-0.9505552605667924,-0.13899349168663783,-0.1320212046870889,0.10818357612301031,0.022052600275676494,0.36091247666072207,-0.6596697134879876,0.17029960933267702,-0.18647902160747973
V_09,0.025704944957043965,0.6755434544053509,0.10958806025904652,0.008091148677589383,0.10008627076362606,0.18526736959057957,0.6688955072819602,0.8064351270450512,1.0,-0.07342585595887575,-0.16048143708407747,0.3618550700535889,0.7937882623260831,0.6812643448022425,-0.09128336059105097,0.35620450454782365,0.36624620189201434,0.32825461903319597,0.31476195784912514,-0.009996403843902218,-0.34330741637619533,-0.3290275489075343,-0.6382880233360899,-0.5917524855565472,0.035119037476064034,0.5720360779368378,-0.30794265828117273,-0.010676134993378847,-0.9182200547951539,0.3359064889543349,-0.788656493546753,-0.20653213448744379,0.7465594076573205,-0.6972962946241601,-0.6377560238257552,-0.16534712468391766,-0.31606549904051917,0.9182179025844445,-0.8164739387188443,-0.3356523979966788,-0.12776454334451973,-0.8273838997666687,0.4590248210196572,-0.3282299427362674,0.7465737391898772,-0.07878801091355396,-0.8638669068098405,0.17386322819553168,0.24755210090141408,0.6822891865535842,-0.5351720410120714,-0.7426639774434455,-0.47081525278130854,-0.4911788479841322,0.570807732463863,0.5924417628908099,-0.009707025148075945,-0.6769385555534326,0.4752003967678799,-0.5113884294918769
UNH_10,-0.9961225081952282,-0.7414669636079739,-0.8236997380855523,0.6202990304070366,0.46003293154228175,0.29806196845571586,0.18037807720522217,0.3027135937502265,-0.07342585595887575,1.0,0.3238714270165264,-0.6650478426827962,-0.1140856753984938,0.5080751286132289,0.9327653329118388,-0.3671062910348099,0.8446459934590136,-0.3559266106621589,0.20539109504013314,-0.6059537375840622,0.8735230939490229,-0.10208989228232851,-0.46134271703102125,0.5490531015951889,-0.0071002491038809155,-0.7095573120659183,-0.47412856602234654,0.3168319382220829,-0.03307356306145692,-0.5435512816765351,-0.09287050356078529,0.8883063959983093,-0.5588395219685469,0.19335299179242887,-0.5085146458561652,-0.514652402581214,0.07215200888160181,-0.2936327721459875,-0.07190575708491218,0.553092105841946,0.618719467504944,0.31302690522478743,-0.22278095536934311,0.6641234368307931,-0.5575079602678092,-0.2559296434191556,0.1114193342667373,-0.7935059365372991,-0.9402912507280486,-0.053749224075513156,-0.776179642567005,-0.5071049892713202,-0.19192117682789078,0.19109774479205405,-0.7286359282402032,-0.48000620477832734,0.9404761092653262,-0.12323292794295466,-0.19652593969567095,-0.16342687121858065
HD_11,-0.3350055938289552,-0.10084706837131238,0.09704326820242937,-0.4820964527187529,-0.255252472536805,-0.031578395459565124,0.39952821758151374,-0.2174796386455947,-0.16048143708407747,0.3238714270165264,1.0,-0.42756395087368226,0.22406025393980217,-0.3040129697370598,0.6417834627540371,-0.16974066156273027,0.5058155397112055,-0.9790767391541653,-0.5588929416112731,0.4259701515723241,0.5145318841946871,-0.6181780995903883,0.46185777820319557,-0.3248687963062101,0.7592411758208942,-0.04923254208909813,0.4397754620714149,-0.6994207058746458,-0.23659589677930873,-0.48662877564831003,-0.2582741145301505,0.6585617474119092,-0.2815831083056592,0.3373945077334854,0.4238455722596243,-0.48480315579146394,0.8496696984698454,-0.4238184177985137,-0.16461413305460926,-0.4063094320411095,0.7987910038072278,0.6216765998656012,0.03239333915627089,-0.27644444955556213,0.12609482852092674,-0.5442875885505555,0.22730322762746608,0.2799705183033149,-0.5972953408408366,0.5433651470355642,-0.35065243516320077,0.22728912152980754,-0.7078303400837485,-0.6730980835443702,-0.5363813830820229,0.23394437116492578,0.5454675103250735,-0.4857877292099227,-0.6483220994287984,-0.7030058461105477
MA_12,0.6046886247184777,0.6903499201099554,0.7549160298422208,-0.46273731119540523,0.31675237539854423,0.4906989456819133,0.35873009492720437,-0.17212613919520184,0.3618550700535889,-0.6650478426827962,-0.42756395087368226,1.0,-0.048466130268678416,-0.20899084426280679,-0.6839296797598489,-0.21909603624627053,-0.53137856512311,0.5557389846367039,0.524275564648884,0.5582371795214235,-0.9285196980744285,0.5075325454190697,0.09973970441679268,-0.3587321739441035,-0.506721198250064,0.3320443417714969,0.4695036055405365,-0.3204204177528216,-0.15359482287330828,0.02978181170448256,-0.4333423668392553,-0.84895571280834,0.3118073583266359,0.06259697035809743,0.06416611393866306,-0.1422960373363356,-0.5869364911269815,0.36087729230815563,-0.48308102068161196,-0.6006048906950593,-0.24644029639050627,-0.7002295634560183,-0.2994482049809517,-0.16614500749201097,0.5484955192082208,0.7648016131312735,-0.034183780405930425,0.516269843138331,0.7062575899831853,0.2636426560276305,0.3072333266854188,0.16597397239171324,-0.13851619561222647,-0.15973320384714865,0.9360445747856672,0.7036832522161922,-0.7874090307671701,0.2464377951139855,0.8084604876717049,-0.1262679110946932
PG_13,0.10096166922876856,0.6378688976714387,0.10347459457787311,-0.1738208900766546,-0.4655338089728854,-0.3379633783814867,0.45620924456826184,0.72540075303437,0.7937882623260831,-0.1140856753984938,0.22406025393980217,-0.048466130268678416,1.0,0.47248943231905527,0.011271652095021461,0.6993771099492,0.39835832511241265,-0.11294628088684198,-0.3205595999062058,0.08000870296060975,-0.08214703683898088,-0.818207108658379,-0.33334530907482274,-0.7897383846181895,0.6143701006475123,0.7770528074674733,-0.2453243682757393,-0.17436927273728348,-0.9040917251580864,0.5179099491830571,-0.5414916670768989,0.03774461058615733,0.8183170962924504,-0.7958643616741226,-0.29039352302675003,0.09577869998939947,0.280377992808502,0.7650623856323058,-0.5215153336393158,-0.37606926275407854,-0.10264117386959835,-0.38590225430124714,0.8353516729676824,-0.7034641809284815,0.7671416737978849,-0.6234830844318763,-0.8851317842373885,0.37312501425909234,0.15434054822713741,0.7181330826604935,-0.4146645585447159,-0.5291563739282512,-0.4841885688873558,-0.7096009672383766,0.22301968520714244,0.4804204908106367,0.13774536154423728,-0.9494610413672332,-0.13745153933032958,-0.5510816546886971
DIS_14,-0.5140129094901514,-0.040643439659430784,-0.6434465110763492,0.7170965744710178,0.29319707085228924,0.10417148674021239,0.2634042795104039,0.9445120688068863,0.6812643448022425,0.5080751286132289,-0.3040129697370598,-0.20899084426280679,0.47248943231905527,1.0,0.31204584692113485,0.27823718969445993,0.6347690118456228,0.3586453092684188,0.41148665669649936,-0.7217136153047541,0.2485041514696009,-0.19605504623585643,-0.9803419322074572,0.09768063933485593,-0.15396680410151553,0.00951244735413204,-0.8643061934109273,0.6138010534142255,-0.5514575947808443,0.2401370421146883,-0.35693919402645885,0.2585999129947702,0.3390303030529317,-0.6459852887930034,-0.9687966880663954,-0.0695183489549023,-0.40392718511928777,0.6471032420235608,-0.39587871624630927,0.43510222337787974,-0.11316469779605112,-0.5318429101392282,0.3562376086745765,0.2558984983473796,0.04294177494826683,-0.21113154062790143,-0.7205168459295384,-0.5762235429939431,-0.22489221303639795,0.13118073160544197,-0.7232192504633639,-0.9921057471756318,-0.048000999351227924,0.10483555844023744,0.0036785629700517874,-0.1561881413906569,0.4680230111044959,-0.4394237182002665,0.28221737863630025,-0.07361625413673367
BAC_15,-0.936254912022739,-0.6186642046582485,-0.6218564189768154,0.31393365883996305,0.28798297442222887,0.24711129371589052,0.32659597307601285,0.18051683279986366,-0.09128336059105097,0.9327653329118388,0.6417834627540371,-0.6839296797598489,0.011271652095021461,0.31204584692113485,1.0,-0.3634900371986658,0.8888818773610297,-0.6534138250254707,-0.029847250725573576,-0.3220448794344583,0.8909560844961147,-0.3215091930322971,-0.21354263549616478,0.3039742612102116,0.27938659570520374,-0.5820741722137642,-0.21725716253642174,-0.017488545473047862,-0.14417551510327117,-0.6269986488471492,-0.20423048875522726,0.9638722245278805,-0.5444849147975565,0.2743107756078661,-0.26777331819993627,-0.6180535868041912,0.3695594364078239,-0.3764848031095482,-0.15232664549813815,0.27703065880607614,0.8105742296301935,0.4645777284852291,-0.1655430493591373,0.4275780066585501,-0.38050388080651765,-0.40815349914593374,0.15828532205900434,-0.5292992940128561,-0.9847174395889849,0.18830885443910023,-0.7809557499671396,-0.34335179476407096,-0.4465008142640205,-0.11901898988801729,-0.7746708091441437,-0.27555035362757924,0.9688706886428552,-0.30114810273147685,-0.385444417766558,-0.4219332619032867
XOM_16,0.41201650574117743,0.4162780228793012,-0.03415682326912647,0.057322164735605086,-0.7959546261693216,-0.8450879617335586,-0.3064675703540899,0.5246715450001957,0.35620450454782365,-0.3671062910348099,-0.16974066156273027,-0.21909603624627053,0.6993771099492,0.27823718969445993,-0.3634900371986658,1.0,-0.10593331930449376,0.1490739074986214,-0.5551433971863646,-0.18704915936067687,-0.11817099478312906,-0.634016317549001,-0.19576734599517848,-0.47135612675925714,0.5077006982024819,0.7702947172477416,-0.4322052914420488,0.25000432624161223,-0.3517974132230679,0.9343141825998951,0.18555179747039827,-0.1808864308771757,0.8149946107354974,-0.8855653820730041,-0.08541839203336024,0.7728994645909338,0.2516277748702841,0.6139903961689992,0.18387723939254377,0.05046614373184148,-0.6632734220411498,-0.17103969811134664,0.9662422110189844,-0.6807050570534517,0.39099415536483517,-0.6458742826388627,-0.7552704839686132,0.24763764564905869,0.44199034222333966,0.05284117821645694,0.1665861364150905,-0.24566583662493777,0.2487346753935927,-0.1737228878560758,0.1147816387735602,-0.04047997244621979,-0.15070090907336106,-0.5460370021924783,-0.34735154310601374,0.17042330685396612
KO_17,-0.8628193231079668,-0.2893101543935104,-0.5812493459004823,0.344917113969315,0.26078995381935977,0.23948929827399607,0.5511913812818975,0.5761081823040504,0.36624620189201434,0.8446459934590136,0.5058155397112055,-0.53137856512311,0.39835832511241265,0.6347690118456228,0.8888818773610297,-0.10593331930449376,1.0,-0.4510873122466931,0.07246551299083255,-0.36397550300011156,0.7069661222650926,-0.4887919933529695,-0.5185481103814534,0.026412980526461613,0.30581336300277395,-0.2629003277585751,-0.4081572415995269,0.037489087238341524,-0.5466480745614455,-0.3673814961404203,-0.49804568794181037,0.8227094205715197,-0.13747631958738007,-0.12060954553081951,-0.5593688250405459,-0.5820005513638198,0.22022998641766184,0.08748236094162828,-0.46269831186966914,0.16165527160723966,0.6477720419135892,0.0722237817180659,0.12014399318104364,0.23502429206711278,-0.036761368029669214,-0.4762745365628702,-0.2864594833460432,-0.4434530520265476,-0.8033987334697558,0.44804611528796073,-0.9640916044931089,-0.6842748964314492,-0.5791480186845266,-0.30581392838631416,-0.4965079948824828,-0.0445282462480034,0.9176451009162437,-0.6101362647454994,-0.1896566250736149,-0.5795561528716506
PEP_18,0.350769994185625,0.24866951244153657,0.000626606715528382,0.3992675694225664,0.31636638438766407,0.14277133620787075,-0.2118345915164357,0.2917939730679144,0.32825461903319597,-0.3559266106621589,-0.9790767391541653,0.5557389846367039,-0.11294628088684198,0.3586453092684188,-0.6534138250254707,0.1490739074986214,-0.4510873122466931,1.0,0.6394583951521661,-0.33319133002737367,-0.6110582165344937,0.5913350704424266,-0.5108626485113957,0.19032671973999563,-0.7632593623411724,0.13502514110309563,-0.39170203627764316,0.6009995808624494,0.06985863442032535,0.46370040075098495,0.060745653941997435,-0.7111734381143555,0.3734003729861381,-0.37859739348250254,-0.48403182813662077,0.3716388910135513,-0.8996765825799395,0.5457925774970764,-0.03457414802574276,0.2610328877458743,-0.7495840694110468,-0.7646644981976749,-0.026300668075460717,0.215936544810451,0.03915878763395487,0.5885881696294466,-0.3191917677709693,-0.1922109320522354,0.6364503751312742,-0.36698399358009637,0.2571177274728787,-0.3034736915852716,0.5510187986102215,0.5325868725324207,0.6690076589927964,-0.05142115913154974,-0.5706573054470145,0.3845596416784062,0.7651840050677717,0.5446198587112719
CSCO_19,-0.2563320466337542,-0.04793395765034726,-0.12355759804032793,0.38633041373488597,0.9223840191004222,0.8266544382256439,0.33848427829518246,0.1881663733187951,0.31476195784912514,0.20539109504013314,-0.5588929416112731,0.524275564648884,-0.3205595999062058,0.41148665669649936,-0.029847250725573576,-0.5551433971863646,0.07246551299083255,0.6394583951521661,1.0,-0.24573789294456222,-0.273184377016872,0.7274637092801207,-0.551969005324843,0.3840940825230848,-0.8879313277897035,-0.40605444157046405,-0.18915148589997155,0.31919804542407915,-0.03068801997975366,-0.33251371805569113,-0.3828322579080189,-0.24927211720399797,-0.17328592368431575,0.15370359740151893,-0.6208675780480718,-0.4526308948498586,-0.9094369566307426,0.21001181074107328,-0.45430674130194,0.1580439418828375,0.028654102749521102,-0.6404462236857151,-0.5875650747925981,0.6670690011786586,-0.11266578382958599,0.7862343933713701,0.0278744353186878,-0.42915973455140255,0.015412970078048796,-0.07223545807259214,-0.2961813145814529,-0.41633895303872825,0.009336803922799574,0.3723344352554897,0.4287093301362418,0.08977947854827091,-0.09031880332997888,0.3928700112752642,0.9084481351219783,0.05208387668637985
INTC_20,0.5612073580771816,0.6036595060554402,0.9359720702180877,-0.9875215420360409,-0.21142777514932604,0.15062386355101895,0.39580606022203085,-0.5548612450664071,-0.009996403843902218,-0.6059537375840622,0.4259701515723241,0.5582371795214235,0.08000870296060975,-0.7217136153047541,-0.3220448794344583,-0.18704915936067687,-0.36397550300011156,-0.33319133002737367,-0.24573789294456222,1.0,-0.5302258911763185,-0.07350156674380344,0.7517671986446285,-0.6616861496786484,0.28447263156499913,0.40438925267807724,0.9400104365250666,-0.9370582149467817,-0.1452647595560956,-0.20164302337121198,-0.3483840973209836,-0.3835380179243281,0.10461105156526991,0.34812923257602163,0.7161826374224045,-0.2523612267251672,0.32517583249799986,-0.12196465610249566,-0.30905922112230505,-0.936036953439378,0.24905723672429003,0.03277592794149765,-0.15194670421106407,-0.5806465948741847,0.6052168871961162,0.19149415132304728,0.25169218799372345,0.9024968902077244,0.3533853390604118,0.5501599758091037,0.3368254634117677,0.6375316743737898,-0.528124190512954,-0.676501719522486,0.41909633458225737,0.7912759851089065,-0.48889322568110105,-0.07825708706938828,0.022979717065936472,-0.5218062067282563
SPY_21,-0.8367435179575914,-0.7960098252756804,-0.7888242074830482,0.4807837947658098,0.015286293108330129,-0.13496802219611967,-0.11943650907510114,0.12843679524298054,-0.34330741637619533,0.8735230939490229,0.5145318841946871,-0.9285196980744285,-0.08214703683898088,0.2485041514696009,0.8909560844961147,-0.11817099478312906,0.7069661222650926,-0.6110582165344937,-0.273184377016872,-0.5302258911763185,1.0,-0.3548837147036997,-0.15445737392191936,0.47120134340762465,0.3483169430229216,-0.5772890265989139,-0.3891280786121937,0.2365651047855834,0.12774510334201256,-0.36869619986119273,0.2293160964764047,0.9691908147965012,-0.5396295439066334,0.17051763632014233,-0.16318646217637006,-0.21468686100710843,0.4742225847388086,-0.4720019438086808,0.2793390670344455,0.5638698157965785,0.5343823176808955,0.6729035832865526,0.007024806352460486,0.40550266290064235,-0.6135414514708303,-0.5791558927926982,0.18508548798118596,-0.6343773151776136,-0.9165242668144176,-0.16646349863326051,-0.5216745353821596,-0.22865833597542012,-0.057725882300929954,0.14360317522643035,-0.9596876686979027,-0.6288634975498212,0.9289095760806207,-0.17820192154688,-0.6412973015743544,-0.04578002169765175
QQQ_22,0.08517909556465668,-0.25148512359525205,0.061913279038635465,0.20912094900200462,0.6884216916640071,0.5717028595054672,-0.21691615520602908,-0.4347170596039117,-0.3290275489075343,-0.10208989228232851,-0.6181780995903883,0.5075325454190697,-0.818207108658379,-0.19605504623585643,-0.3215091930322971,-0.634016317549001,-0.4887919933529695,0.5913350704424266,0.7274637092801207,-0.07350156674380344,-0.3548837147036997,1.0,0.004598570650404401,0.6151496907932852,-0.9349797359032658,-0.5381828234664073,0.13585610886707256,0.27364525176714005,0.6146062631042223,-0.32395207661565295,0.21398728783879484,-0.4409816182234305,-0.45974232567734596,0.519183166230637,-0.042938589096067015,-0.11356610501480624,-0.7547218042728724,-0.28057257666181484,0.14937457033820278,0.2353767883009578,-0.1560630934859944,-0.21372351588456803,-0.7974589703806383,0.6680034456174153,-0.4393135018644936,0.9313026463475941,0.5463616646448749,-0.29793322542541395,0.20199205188416894,-0.5555208645567437,0.3526744690552888,0.23898159848554018,0.447518256696317,0.6819660154182012,0.3073169380983697,-0.17822262687480034,-0.42717963560377836,0.9081105952301879,0.6689891091113962,0.5057723111733791
DIA_23,0.46900840308332403,0.06642253823859604,0.6307991809799752,-0.7709157630986033,-0.40703063033947934,-0.18822804319339512,-0.2013698317448014,-0.8854138967109416,-0.6382880233360899,-0.46134271703102125,0.46185777820319557,0.09973970441679268,-0.33334530907482274,-0.9803419322074572,-0.21354263549616478,-0.19576734599517848,-0.5185481103814534,-0.5108626485113957,-0.551969005324843,0.7517671986446285,-0.15445737392191936,0.004598570650404401,1.0,-0.20641677627746183,0.34179714494977664,0.06270168000827002,0.8639459929456361,-0.6943288755220446,0.4400766341086704,-0.22608277208614688,0.30455791280810185,-0.14200157357307303,-0.29044290720750165,0.5877411488841685,0.9927533524957676,0.050251743458702376,0.5696068816121952,-0.6305007022835809,0.35913448785545654,-0.4903978762895711,0.19246505023537547,0.6026241409990306,-0.2345839082281612,-0.3672508335683646,0.02756483129886728,0.03376835847112171,0.6497941839881612,0.6297565908979951,0.14770248711833903,-0.011878870351883855,0.6372040035907981,0.9610277732856083,-0.06711384852428558,-0.24881660438752373,-0.08927271040180294,0.19416417176087525,-0.35904662458663705,0.26833174306025154,-0.4234335839219395,-0.04982896328244997
IWM_24,-0.5155875620698588,-0.8925359767456572,-0.6819579229245588,0.7252102763894037,0.514109856765405,0.21137234035784777,-0.5105093147297584,-0.20344519303509784,-0.5917524855565472,0.5490531015951889,-0.3248687963062101,-0.3587321739441035,-0.7897383846181895,0.09768063933485593,0.3039742612102116,-0.47135612675925714,0.026412980526461613,0.19032671973999563,0.3840940825230848,-0.6616861496786484,0.47120134340762465,0.6151496907932852,-0.20641677627746183,1.0,-0.5888875117312714,-0.8850309469096203,-0.3720200827392414,0.6523425606811425,0.7323019636105099,-0.36074844613511703,0.563229417079924,0.31071554787234346,-0.7408544570211866,0.4361112801501389,-0.22670472086691157,-0.01956646133166933,-0.35177538817689175,-0.5477292982035532,0.5325140788146957,0.8387367138663235,0.04652692949901425,0.32178150356327545,-0.5657918289930078,0.9112375221565748,-0.9584062286774848,0.31247025035834686,0.5387871444476746,-0.8552926355693931,-0.44250603550998996,-0.8148080601311228,0.012202695183067049,-0.013062518710856603,0.5934940757733755,0.8920181148834727,-0.4963683124069498,-0.8321998448899773,0.2978489975316911,0.713455184282785,0.04997994032344847,0.643507741122597
ARKK_25,0.02970551084267526,0.18370653746615445,0.10057217896931044,-0.4199704561921104,-0.7802508751560195,-0.6126611692512994,0.09728989519027047,0.0878253370983034,0.035119037476064034,-0.0071002491038809155,0.7592411758208942,-0.506721198250064,0.6143701006475123,-0.15396680410151553,0.27938659570520374,0.5077006982024819,0.30581336300277395,-0.7632593623411724,-0.8879313277897035,0.28447263156499913,0.3483169430229216,-0.9349797359032658,0.34179714494977664,-0.5888875117312714,1.0,0.4672024629691397,0.14650696451412118,-0.46625507500822144,-0.38045614672534706,0.19680724913416292,-0.05013103472717073,0.42414811074934183,0.27339693446905683,-0.2541396288127282,0.3836717080948658,0.12185172318111934,0.9283526634257202,-0.009242323495628941,0.03166619930743818,-0.3327049799900974,0.23903486319994974,0.468362814314689,0.6487757352529419,-0.7071163292180535,0.3520080272439685,-0.8852124308643007,-0.2500871332046896,0.4414093512032351,-0.19793270983232433,0.4724129172106823,-0.1226181277396296,0.11182204887902578,-0.4180328281901567,-0.6855277540053507,-0.3918720852042544,0.1677760585183659,0.3295082126261681,-0.737696781332413,-0.8177710862288489,-0.46442358168421893
VTI_26,0.7043512576299832,0.8884469799309693,0.5594727431650751,-0.48841801160690357,-0.6697642361025337,-0.4930022783951496,0.14579904975441002,0.32202332972847125,0.5720360779368378,-0.7095573120659183,-0.04923254208909813,0.3320443417714969,0.7770528074674733,0.00951244735413204,-0.5820741722137642,0.7702947172477416,-0.2629003277585751,0.13502514110309563,-0.40605444157046405,0.40438925267807724,-0.5772890265989139,-0.5381828234664073,0.06270168000827002,-0.8850309469096203,0.4672024629691397,1.0,0.09479037269179519,-0.2881999346688691,-0.5867230734173077,0.7477371908866077,-0.26187034237566537,-0.5159438117675719,0.9331313033478105,-0.7057820467465932,0.13009779668820673,0.45066530507721236,0.18490448097623557,0.7113390175020688,-0.25969399905349866,-0.5709442435424296,-0.4949891092473684,-0.42930156060890606,0.7686212351913677,-0.9257830405510482,0.8604986579289252,-0.32479295770809136,-0.6984249840025835,0.7472927184261718,0.6995165091006386,0.4968130244719582,0.22356304034514984,-0.04320244398759843,-0.17219765224367362,-0.5931651223235146,0.5754750946117656,0.5872330690207994,-0.4854816191172036,-0.591471636067302,-0.02778288913080435,-0.24007612963471206
VOO_27,0.4367871459799548,0.3164261704365903,0.8313477191333704,-0.9038689432564704,-0.06872735680671452,0.24599072311174933,0.2502343997869233,-0.7878407748301691,-0.30794265828117273,-0.47412856602234654,0.4397754620714149,0.4695036055405365,-0.2453243682757393,-0.8643061934109273,-0.21725716253642174,-0.4322052914420488,-0.4081572415995269,-0.39170203627764316,-0.18915148589997155,0.9400104365250666,-0.3891280786121937,0.13585610886707256,0.8639459929456361,-0.3720200827392414,0.14650696451412118,0.09479037269179519,1.0,-0.8844258576413419,0.1530243782035254,-0.4234542625125241,-0.15922129167526547,-0.2790982715581877,-0.22389652062131354,0.6365004201846377,0.8121701347595547,-0.32162349696057546,0.311548945737032,-0.43248819207187067,-0.11807824856775923,-0.7754004678898176,0.3631103079422731,0.24651092681706727,-0.42199699004506797,-0.3238662235334412,0.30166658427623627,0.3187872863681802,0.5665852682727339,0.7317194353211581,0.19381836866147,0.3205455890530732,0.40995717664776615,0.7976181634351677,-0.40218137229307166,-0.457063188114332,0.23483479802773444,0.5836645348022127,-0.42533819887966934,0.19602411511720505,-0.018280554825238104,-0.3727708355451205
XLK_28,-0.2697008324887176,-0.4606021311462275,-0.76423060780407,0.9383858356176483,0.18166569326954848,-0.1919673147289456,-0.5500989237661733,0.46060040507490824,-0.010676134993378847,0.3168319382220829,-0.6994207058746458,-0.3204204177528216,-0.17436927273728348,0.6138010534142255,-0.017488545473047862,0.25000432624161223,0.037489087238341524,0.6009995808624494,0.31919804542407915,-0.9370582149467817,0.2365651047855834,0.27364525176714005,-0.6943288755220446,0.6523425606811425,-0.46625507500822144,-0.2881999346688691,-0.8844258576413419,1.0,0.2707190966016377,0.3778701237285634,0.46358196800567675,0.05040664345842073,0.012831498712743626,-0.38987359501522584,-0.6438677633703637,0.4568213226677506,-0.5144454860758273,0.2042075699553046,0.401056705435188,0.9071155355404097,-0.5324586569524284,-0.18473844117460544,0.13288395448326693,0.5266551647769407,-0.5574304430245508,0.01581443236533821,-0.24607795048114836,-0.7918585479043879,-0.03369844960445243,-0.694138924856924,-0.05229726864158569,-0.5113418695932939,0.7414035900662892,0.8088960415472131,-0.1685451681289228,-0.7585904436011315,0.1546275286302741,0.2719979536841361,0.1480328764682464,0.7327461307005885
XLF_29,0.07942976331848835,-0.635859554140137,-0.1387756591663358,0.18018402971264527,0.07077905366197858,-0.09615975184460722,-0.7746355677100846,-0.7252242425046684,-0.9182200547951539,-0.03307356306145692,-0.23659589677930873,-0.15359482287330828,-0.9040917251580864,-0.5514575947808443,-0.14417551510327117,-0.3517974132230679,-0.5466480745614455,0.06985863442032535,-0.03068801997975366,-0.1452647595560956,0.12774510334201256,0.6146062631042223,0.4400766341086704,0.7323019636105099,-0.38045614672534706,-0.5867230734173077,0.1530243782035254,0.2707190966016377,1.0,-0.19904548353399004,0.841618920583072,-0.05569267859661391,-0.6636847666279166,0.6008660634371288,0.4460321236317891,0.29150098684858966,-0.061207300270812635,-0.7545332197211807,0.8305275777001817,0.47835751979475216,-0.14744799760264607,0.5521684007715193,-0.5289160703327862,0.4780897390810977,-0.7934256609542497,0.34745218710717285,0.7937459956589084,-0.2967260113680309,-0.029191291884396033,-0.8739263598408539,0.6402390068627495,0.6382856939206061,0.7145129974819219,0.7533002687266992,-0.3360952882596375,-0.6549476657621318,-0.20052596847834683,0.8861434939478917,-0.1636110238938639,0.7575696336985853
XLV_30,0.5851482965833086,0.46820566291683713,0.053906982858650775,0.10773348492607944,-0.6572770031633696,-0.745616220538118,-0.4180482408974117,0.4466669803051081,0.3359064889543349,-0.5435512816765351,-0.48662877564831003,0.02978181170448256,0.5179099491830571,0.2401370421146883,-0.6269986488471492,0.9343141825998951,-0.3673814961404203,0.46370040075098495,-0.33251371805569113,-0.20164302337121198,-0.36869619986119273,-0.32395207661565295,-0.22608277208614688,-0.36074844613511703,0.19680724913416292,0.7477371908866077,-0.4234542625125241,0.3778701237285634,-0.19904548353399004,1.0,0.26423735969687884,-0.47001596989913474,0.8308280670233877,-0.8573199611211061,-0.11536873683078587,0.8709051695364798,-0.04889013954489008,0.6644684741543182,0.23218680253842386,0.09593371922862938,-0.8818671431728426,-0.3570463967889434,0.8224884808552976,-0.5729914826165232,0.35118473400423533,-0.34041701341428166,-0.6995382083247962,0.22959236499627003,0.6770669623243579,-0.12761468040958943,0.3655693014536391,-0.18834761777515258,0.46011327963079984,0.04208422066137623,0.34733948453366803,-0.05118019071604849,-0.42201313669176455,-0.27954326213642494,-0.07866656293567015,0.3898228813454317
YPF_31,0.17151799367955337,-0.5472081008209878,-0.2967259195760777,0.30321375118153104,-0.36886834497698234,-0.5941746276048062,-0.9826118108273849,-0.4166601705638298,-0.788656493546753,-0.09287050356078529,-0.2582741145301505,-0.4333423668392553,-0.5414916670768989,-0.35693919402645885,-0.20423048875522726,0.18555179747039827,-0.49804568794181037,0.060745653941997435,-0.3828322579080189,-0.3483840973209836,0.2293160964764047,0.21398728783879484,0.30455791280810185,0.563229417079924,-0.05013103472717073,-0.26187034237566537,-0.15922129167526547,0.46358196800567675,0.841618920583072,0.26423735969687884,1.0,0.0011429847758804685,-0.3056618969679228,0.13823708480327068,0.3714083883031281,0.6976830191628548,0.15065737612561172,-0.4971906118723509,0.9953241303201069,0.6151599732052269,-0.4388049686211291,0.5725637201166864,0.006181729225407073,0.17618665860549335,-0.6924356704187045,-0.10303279093991673,0.41068389873114813,-0.2744827037722064,0.06750986318498574,-0.8916257727066209,0.6570263537072125,0.4675654612988891,0.8623977280903219,0.6991072291185272,-0.43531682873468336,-0.7978101877392137,-0.13441858457589737,0.5675318841573683,-0.4634142863185682,0.8641547627553624
GGAL_32,-0.8698026056769954,-0.6722285779744579,-0.680072746099608,0.3399866013330789,0.06180674092700711,-0.011360114626509443,0.11871820845090776,0.16282954938933797,-0.20653213448744379,0.8883063959983093,0.6585617474119092,-0.84895571280834,0.03774461058615733,0.2585999129947702,0.9638722245278805,-0.1808864308771757,0.8227094205715197,-0.7111734381143555,-0.24927211720399797,-0.3835380179243281,0.9691908147965012,-0.4409816182234305,-0.14200157357307303,0.31071554787234346,0.42414811074934183,-0.5159438117675719,-0.2790982715581877,0.05040664345842073,-0.05569267859661391,-0.47001596989913474,0.0011429847758804685,1.0,-0.5014633587213193,0.19049782852636235,-0.1686600701095723,-0.40038522718501607,0.5216440548134004,-0.41719223603040445,0.06080747017108981,0.3713589798520928,0.6926969749677473,0.6113233257792435,-0.004649885497275737,0.32779041319259805,-0.4450902636677883,-0.5864125863173414,0.13945351131233882,-0.5197195883752359,-0.9589528644983547,0.0700632835844091,-0.6581520767895759,-0.269768896561694,-0.30140852688054537,-0.07086464193461066,-0.8962913924040729,-0.4209470326185478,0.9722063428004388,-0.3230670753627209,-0.5969051966512807,-0.28868895643812764
PAMP_33,0.5539094360175447,0.8241110629345167,0.3192533569833432,-0.17496139765029847,-0.49582042742827076,-0.41969630063688873,0.15075924742210775,0.598700405315259,0.7465594076573205,-0.5588395219685469,-0.2815831083056592,0.3118073583266359,0.8183170962924504,0.3390303030529317,-0.5444849147975565,0.8149946107354974,-0.13747631958738007,0.3734003729861381,-0.17328592368431575,0.10461105156526991,-0.5396295439066334,-0.45974232567734596,-0.29044290720750165,-0.7408544570211866,0.27339693446905683,0.9331313033478105,-0.22389652062131354,0.012831498712743626,-0.6636847666279166,0.8308280670233877,-0.3056618969679228,-0.5014633587213193,1.0,-0.8855809819187946,-0.21936602556758444,0.46786872537811114,-0.07194588938775252,0.9045120479286933,-0.3287733759843152,-0.3430418590760677,-0.6081787348416524,-0.641357088449388,0.8055133837850279,-0.7402276319920668,0.7882001289396171,-0.2777834632838024,-0.8838229359706629,0.4841471708906595,0.6711188651368153,0.41533612723420515,0.052528594308303804,-0.3565086232507619,-0.06745702638381505,-0.41743187561659517,0.6131735838805957,0.4634505272452892,-0.3966862887341705,-0.5984312568037776,0.1525493237689271,-0.1380902666419874
BMA_34,-0.2120138582366914,-0.4768957283436005,0.1556605485248063,-0.2605946788342605,0.4407060896755578,0.5198934540928012,0.015952149324312263,-0.8319599782976314,-0.6972962946241601,0.19335299179242887,0.3373945077334854,0.06259697035809743,-0.7958643616741226,-0.6459852887930034,0.2743107756078661,-0.8855653820730041,-0.12060954553081951,-0.37859739348250254,0.15370359740151893,0.34812923257602163,0.17051763632014233,0.519183166230637,0.5877411488841685,0.4361112801501389,-0.2541396288127282,-0.7057820467465932,0.6365004201846377,-0.38987359501522584,0.6008660634371288,-0.8573199611211061,0.13823708480327068,0.19049782852636235,-0.8855809819187946,1.0,0.5029662848286995,-0.5354680766332207,0.08935528736074386,-0.8766041246320384,0.16567903288717886,-0.08927533208131279,0.6120089076715464,0.5323158228936387,-0.8868813592272136,0.4810521617037745,-0.47440755612175134,0.4713724512948315,0.9588753050805214,-0.0578121887459552,-0.38773394617604146,-0.19583939333398268,0.15990373002515432,0.6297350055022218,-0.11070350356085656,0.1611369285465485,-0.2907710576664152,-0.07007105217822271,0.055412494182063225,0.6213360556758738,-0.015225138184825557,-0.03791531561309285
CEPU_35,0.524321082316993,0.08617854422508647,0.6162326193872715,-0.7498581178743455,-0.5025717346526068,-0.3001636409797718,-0.2808706736128696,-0.8521073195593329,-0.6377560238257552,-0.5085146458561652,0.4238455722596243,0.06416611393866306,-0.29039352302675003,-0.9687966880663954,-0.26777331819993627,-0.08541839203336024,-0.5593688250405459,-0.48403182813662077,-0.6208675780480718,0.7161826374224045,-0.16318646217637006,-0.042938589096067015,0.9927533524957676,-0.22670472086691157,0.3836717080948658,0.13009779668820673,0.8121701347595547,-0.6438677633703637,0.4460321236317891,-0.11536873683078587,0.3714083883031281,-0.1686600701095723,-0.21936602556758444,0.5029662848286995,1.0,0.16481385861135564,0.5943365857420817,-0.5880441425034773,0.42476816879007107,-0.45600068879803407,0.0977381321431886,0.6058185901452183,-0.1380300695492664,-0.42692567244045876,0.035580382778861885,-0.02952391943503911,0.5916694081008818,0.6425193304799267,0.20308157697682053,-0.05185334200647257,0.6898302439565542,0.9584128641032045,0.003661315419938295,-0.22917175943656898,-0.09076032370004494,0.15344310774654588,-0.38825529460831854,0.24480002730594289,-0.47316510846066784,0.01312358122550347
TXAR_36,0.5829508246758721,0.11446056394369566,-0.033194962751000694,0.16228796414640392,-0.6900581962917494,-0.847137775888937,-0.8014791981928582,0.06371805723204244,-0.16534712468391766,-0.514652402581214,-0.48480315579146394,-0.1422960373363356,0.09577869998939947,-0.0695183489549023,-0.6180535868041912,0.7728994645909338,-0.5820005513638198,0.3716388910135513,-0.4526308948498586,-0.2523612267251672,-0.21468686100710843,-0.11356610501480624,0.050251743458702376,-0.01956646133166933,0.12185172318111934,0.45066530507721236,-0.32162349696057546,0.4568213226677506,0.29150098684858966,0.8709051695364798,0.6976830191628548,-0.40038522718501607,0.46786872537811114,-0.5354680766332207,0.16481385861135564,1.0,0.04818509768282216,0.2276938275797091,0.6724731859714671,0.32076597436902854,-0.8811424761987451,0.024000707277795352,0.5931550294746051,-0.37392025580658705,-0.054934465500229304,-0.27068840162483854,-0.28123589993260173,0.09917136770678323,0.5842777793142913,-0.5298579615322241,0.6574145228290365,0.1605092019217339,0.765959324868936,0.357519520550371,0.08060250252939136,-0.39249830255061346,-0.44300057762047096,0.10130280786185679,-0.2808874062913292,0.715628744501061
LOMA_37,-0.042355525132157686,-0.07734945395929664,0.07770564584720378,-0.4419040113674261,-0.6976047632252188,-0.5431520220479262,-0.04774992757023876,-0.23351111888151488,-0.31606549904051917,0.07215200888160181,0.8496696984698454,-0.5869364911269815,0.280377992808502,-0.40392718511928777,0.3695594364078239,0.2516277748702841,0.22022998641766184,-0.8996765825799395,-0.9094369566307426,0.32517583249799986,0.4742225847388086,-0.7547218042728724,0.5696068816121952,-0.35177538817689175,0.9283526634257202,0.18490448097623557,0.311548945737032,-0.5144454860758273,-0.061207300270812635,-0.04889013954489008,0.15065737612561172,0.5216440548134004,-0.07194588938775252,0.08935528736074386,0.5943365857420817,0.04818509768282216,1.0,-0.37888568259961297,0.24261401632860188,-0.25044413391510106,0.3885386005276939,0.7489087649001209,0.37069628573341007,-0.5161435630921619,0.07741582133208323,-0.7752347603861648,0.1214106764118095,0.36095988948021057,-0.3450890494243998,0.2733836856180645,0.006536355586673174,0.3736276410123794,-0.32866676264190686,-0.5278308382180537,-0.5853421539315582,0.00470768864958464,0.36208268869249394,-0.4652091921763938,-0.9180048602343104,-0.3514173112166213
TGSU2_38,0.2711990129132438,0.7084409199138981,0.10282803112021993,0.09698867804720201,-0.10932710774629224,-0.09885703154716197,0.33256161663700634,0.8045489458057878,0.9182179025844445,-0.2936327721459875,-0.4238184177985137,0.36087729230815563,0.7650623856323058,0.6471032420235608,-0.3764848031095482,0.6139903961689992,0.08748236094162828,0.5457925774970764,0.21001181074107328,-0.12196465610249566,-0.4720019438086808,-0.28057257666181484,-0.6305007022835809,-0.5477292982035532,-0.009242323495628941,0.7113390175020688,-0.43248819207187067,0.2042075699553046,-0.7545332197211807,0.6644684741543182,-0.4971906118723509,-0.41719223603040445,0.9045120479286933,-0.8766041246320384,-0.5880441425034773,0.2276938275797091,-0.37888568259961297,1.0,-0.5423628889796933,-0.1860841854710924,-0.5050320383877448,-0.8546299492473403,0.6290278041488441,-0.41837433778818434,0.6929075376754786,-0.09698674610882098,-0.9398773113411031,0.18600896763264688,0.5098296224665376,0.4224429009064044,-0.24252016374694788,-0.6681409773110525,-0.12180659484874425,-0.2849937328920958,0.6445452102350016,0.4244515268822806,-0.23248344749913732,-0.5567381741810771,0.43704295872410037,-0.1777724460969736
EDN_39,0.15134002766763727,-0.5590299629280098,-0.2871528325876034,0.25591464768601146,-0.4130105364842043,-0.6190994558209774,-0.9648807857044578,-0.4440990891923781,-0.8164739387188443,-0.07190575708491218,-0.16461413305460926,-0.48308102068161196,-0.5215153336393158,-0.39587871624630927,-0.15232664549813815,0.18387723939254377,-0.46269831186966914,-0.03457414802574276,-0.45430674130194,-0.30905922112230505,0.2793390670344455,0.14937457033820278,0.35913448785545654,0.5325140788146957,0.03166619930743818,-0.25969399905349866,-0.11807824856775923,0.401056705435188,0.8305275777001817,0.23218680253842386,0.9953241303201069,0.06080747017108981,-0.3287733759843152,0.16567903288717886,0.42476816879007107,0.6724731859714671,0.24261401632860188,-0.5423628889796933,1.0,0.5820780178649043,-0.37605070234623944,0.6435992696772115,0.02043349934839129,0.14012951834127838,-0.6853187508604042,-0.1652629378192222,0.4339355411273163,-0.24322775842323927,0.018322569677939694,-0.8523153122151469,0.6407783632151255,0.5010880741523402,0.8102503946056968,0.6406523576880416,-0.49260875004042337,-0.7863525589243137,-0.0890496973867496,0.524337359256728,-0.5408451390291319,0.811587756967675
SUPV_40,-0.49494158196212884,-0.7824142715151637,-0.8957478905182518,0.9305293251087636,0.1809831962574333,-0.1949466603581053,-0.6259263283418285,0.2310156887578074,-0.3356523979966788,0.553092105841946,-0.4063094320411095,-0.6006048906950593,-0.37606926275407854,0.43510222337787974,0.27703065880607614,0.05046614373184148,0.16165527160723966,0.2610328877458743,0.1580439418828375,-0.936036953439378,0.5638698157965785,0.2353767883009578,-0.4903978762895711,0.8387367138663235,-0.3327049799900974,-0.5709442435424296,-0.7754004678898176,0.9071155355404097,0.47835751979475216,0.09593371922862938,0.6151599732052269,0.3713589798520928,-0.3430418590760677,-0.08927533208131279,-0.45600068879803407,0.32076597436902854,-0.25044413391510106,-0.1860841854710924,0.5820780178649043,1.0,-0.23875258317845713,0.21674417470414944,-0.03340067190837819,0.6691185716805316,-0.8265263566438149,-0.09965463464272681,0.06516213915070806,-0.9040945730643184,-0.3648878463392003,-0.7841142929379642,-0.08945656877788424,-0.33113258588923167,0.6999926327812386,0.8417377694641103,-0.5420624548819135,-0.9464538855208363,0.4057034887964496,0.35240305779971964,-0.13711551538045316,0.7087604276394165
AL30_41,-0.6582334969113349,-0.327472124755382,-0.0777000723116021,-0.21416710406524256,0.37606693034854316,0.5317262716195973,0.5946764277139579,-0.2093575322057648,-0.12776454334451973,0.618719467504944,0.7987910038072278,-0.24644029639050627,-0.10264117386959835,-0.11316469779605112,0.8105742296301935,-0.6632734220411498,0.6477720419135892,-0.7495840694110468,0.028654102749521102,0.24905723672429003,0.5343823176808955,-0.1560630934859944,0.19246505023537547,0.04652692949901425,0.23903486319994974,-0.4949891092473684,0.3631103079422731,-0.5324586569524284,-0.14744799760264607,-0.8818671431728426,-0.4388049686211291,0.6926969749677473,-0.6081787348416524,0.6120089076715464,0.0977381321431886,-0.8811424761987451,0.3885386005276939,-0.5050320383877448,-0.37605070234623944,-0.23875258317845713,1.0,0.42077550648872264,-0.45958738569973273,0.2653214029033691,-0.10899621797929894,-0.08769117149220271,0.41979993735549176,-0.08813982783658302,-0.7955384762817024,0.4490713732265034,-0.5932444238985392,0.03335783697919586,-0.7348980173209656,-0.40500419473068494,-0.4729215179134948,0.18239230365940742,0.6492583346786358,-0.18437765789564806,-0.2007656700654329,-0.6910167747654259
GD30_42,-0.26486890455198747,-0.6462853972130189,-0.22289327294653669,-0.09111584088433757,-0.33427133038908047,-0.34729266407786813,-0.4222510601260284,-0.5683567238028697,-0.8273838997666687,0.31302690522478743,0.6216765998656012,-0.7002295634560183,-0.38590225430124714,-0.5318429101392282,0.4645777284852291,-0.17103969811134664,0.0722237817180659,-0.7646644981976749,-0.6404462236857151,0.03277592794149765,0.6729035832865526,-0.21372351588456803,0.6026241409990306,0.32178150356327545,0.468362814314689,-0.42930156060890606,0.24651092681706727,-0.18473844117460544,0.5521684007715193,-0.3570463967889434,0.5725637201166864,0.6113233257792435,-0.641357088449388,0.5323158228936387,0.6058185901452183,0.024000707277795352,0.7489087649001209,-0.8546299492473403,0.6435992696772115,0.21674417470414944,0.42077550648872264,1.0,-0.14249285303603684,0.0882722847365147,-0.5690510922360195,-0.42312911425641825,0.6401713759683301,-0.10544519031966605,-0.5539937668647021,-0.31234216234552287,0.17301353669620403,0.556608559062165,0.09308902617412343,0.08526046479895756,-0.8452337075079034,-0.49504642272082144,0.4124955086630101,0.16022030085972921,-0.8398214147362913,0.11307390809273093
AE38_43,0.2577413828410322,0.42529344986865003,-0.06715228475406608,0.015150820633924044,-0.7742254223944078,-0.7795510794913098,-0.10724655224737616,0.6153088710035772,0.4590248210196572,-0.22278095536934311,0.03239333915627089,-0.2994482049809517,0.8353516729676824,0.3562376086745765,-0.1655430493591373,0.9662422110189844,0.12014399318104364,-0.026300668075460717,-0.5875650747925981,-0.15194670421106407,0.007024806352460486,-0.7974589703806383,-0.2345839082281612,-0.5657918289930078,0.6487757352529419,0.7686212351913677,-0.42199699004506797,0.13288395448326693,-0.5289160703327862,0.8224884808552976,0.006181729225407073,-0.004649885497275737,0.8055133837850279,-0.8868813592272136,-0.1380300695492664,0.5931550294746051,0.37069628573341007,0.6290278041488441,0.02043349934839129,-0.03340067190837819,-0.45958738569973273,-0.14249285303603684,1.0,-0.7121981794857362,0.4707698767024891,-0.7703906227004342,-0.8125920791133208,0.255950610451008,0.2734842206200108,0.2543071719850179,-0.049953807399857816,-0.34839555748751727,0.019143737084932454,-0.35787534221948,0.03128634747571017,0.05377227685800878,0.036368752037808996,-0.7390623271208752,-0.41178387669267574,-0.060077386254657125
TO26_44,-0.6652586873453099,-0.7751677335266861,-0.6237717691135024,0.6845225204503153,0.8111380392404466,0.5701556753296917,-0.12179424068218993,-0.07551808555412702,-0.3282299427362674,0.6641234368307931,-0.27644444955556213,-0.16614500749201097,-0.7034641809284815,0.2558984983473796,0.4275780066585501,-0.6807050570534517,0.23502429206711278,0.215936544810451,0.6670690011786586,-0.5806465948741847,0.40550266290064235,0.6680034456174153,-0.3672508335683646,0.9112375221565748,-0.7071163292180535,-0.9257830405510482,-0.3238662235334412,0.5266551647769407,0.4780897390810977,-0.5729914826165232,0.17618665860549335,0.32779041319259805,-0.7402276319920668,0.4810521617037745,-0.42692567244045876,-0.37392025580658705,-0.5161435630921619,-0.41837433778818434,0.14012951834127838,0.6691185716805316,0.2653214029033691,0.0882722847365147,-0.7121981794857362,1.0,-0.7920723580959753,0.47136361756281603,0.46795765138690565,-0.8577429992346457,-0.528975137011198,-0.5356771088533009,-0.2750314326287379,-0.2105654023346013,0.28583861000028704,0.7224582002377372,-0.34093736390898327,-0.5740317456849641,0.37614828958385366,0.6066369116408131,0.319892408160185,0.34681052022315695
TVPP_45,0.5093233476423313,0.9610520551308318,0.6854519635544446,-0.6345043187556427,-0.29940533298168803,-0.01753899803315756,0.611068805854543,0.3049845378982254,0.7465737391898772,-0.5575079602678092,0.12609482852092674,0.5484955192082208,0.7671416737978849,0.04294177494826683,-0.38050388080651765,0.39099415536483517,-0.036761368029669214,0.03915878763395487,-0.11266578382958599,0.6052168871961162,-0.6135414514708303,-0.4393135018644936,0.02756483129886728,-0.9584062286774848,0.3520080272439685,0.8604986579289252,0.30166658427623627,-0.5574304430245508,-0.7934256609542497,0.35118473400423533,-0.6924356704187045,-0.4450902636677883,0.7882001289396171,-0.47440755612175134,0.035580382778861885,-0.054934465500229304,0.07741582133208323,0.6929075376754786,-0.6853187508604042,-0.8265263566438149,-0.10899621797929894,-0.5690510922360195,0.4707698767024891,-0.7920723580959753,1.0,-0.10326109342379701,-0.6098424109739637,0.7836809014857126,0.5251915507404226,0.8235313836171423,-0.07512629330033982,-0.12947291057256644,-0.5848779169180273,-0.8167176273183996,0.6868433457758103,0.9010837729212505,-0.37794101776094235,-0.6450572063020115,0.23032718933596838,-0.6292688755889703
DICA_46,0.21165853594879885,0.06356614691310779,0.3344891665899033,-0.04504284678321388,0.7113635418060255,0.7136724309198422,0.08661168505305046,-0.3879798099383622,-0.07878801091355396,-0.2559296434191556,-0.5442875885505555,0.7648016131312735,-0.6234830844318763,-0.21113154062790143,-0.40815349914593374,-0.6458742826388627,-0.4762745365628702,0.5885881696294466,0.7862343933713701,0.19149415132304728,-0.5791558927926982,0.9313026463475941,0.03376835847112171,0.31247025035834686,-0.8852124308643007,-0.32479295770809136,0.3187872863681802,0.01581443236533821,0.34745218710717285,-0.34041701341428166,-0.10303279093991673,-0.5864125863173414,-0.2777834632838024,0.4713724512948315,-0.02952391943503911,-0.27068840162483854,-0.7752347603861648,-0.09698674610882098,-0.1652629378192222,-0.09965463464272681,-0.08769117149220271,-0.42312911425641825,-0.7703906227004342,0.47136361756281603,-0.10326109342379701,1.0,0.42019184778644403,-0.03413906258933612,0.3346413645896746,-0.23118515123162178,0.28272881893047197,0.21370474625950012,0.1685673047142856,0.38537399372618447,0.5657370311986929,0.1898335476909837,-0.5472918896678879,0.736957898410124,0.8281916417019075,0.22214558073587112
CUAP_47,-0.10702458083997994,-0.563870351305216,0.09666496016110411,-0.18353808387439977,0.28741685495902036,0.3049764544872078,-0.2664073957288641,-0.9012485803589008,-0.8638669068098405,0.1114193342667373,0.22730322762746608,-0.034183780405930425,-0.8851317842373885,-0.7205168459295384,0.15828532205900434,-0.7552704839686132,-0.2864594833460432,-0.3191917677709693,0.0278744353186878,0.25169218799372345,0.18508548798118596,0.5463616646448749,0.6497941839881612,0.5387871444476746,-0.2500871332046896,-0.6984249840025835,0.5665852682727339,-0.24607795048114836,0.7937459956589084,-0.6995382083247962,0.41068389873114813,0.13945351131233882,-0.8838229359706629,0.9588753050805214,0.5916694081008818,-0.28123589993260173,0.1214106764118095,-0.9398773113411031,0.4339355411273163,0.06516213915070806,0.41979993735549176,0.6401713759683301,-0.8125920791133208,0.46795765138690565,-0.6098424109739637,0.42019184778644403,1.0,-0.09677744798901466,-0.3013746395760195,-0.4280013684700935,0.36422062761232693,0.7362060918173636,0.1456109932262027,0.3364861379666646,-0.36018236184292296,-0.2669624713652285,-0.02586281945937634,0.7404271551176649,-0.1344530055602693,0.21249787429849112
BPLD_48,0.7665666686881343,0.8085090936407057,0.9294332454523612,-0.9394779544547139,-0.5230387810878213,-0.19184999830484642,0.2585312045951493,-0.3084403635943894,0.17386322819553168,-0.7935059365372991,0.2799705183033149,0.516269843138331,0.37312501425909234,-0.5762235429939431,-0.5292992940128561,0.24763764564905869,-0.4434530520265476,-0.1922109320522354,-0.42915973455140255,0.9024968902077244,-0.6343773151776136,-0.29793322542541395,0.6297565908979951,-0.8552926355693931,0.4414093512032351,0.7472927184261718,0.7317194353211581,-0.7918585479043879,-0.2967260113680309,0.22959236499627003,-0.2744827037722064,-0.5197195883752359,0.4841471708906595,-0.0578121887459552,0.6425193304799267,0.09917136770678323,0.36095988948021057,0.18600896763264688,-0.24322775842323927,-0.9040945730643184,-0.08813982783658302,-0.10544519031966605,0.255950610451008,-0.8577429992346457,0.7836809014857126,-0.03413906258933612,-0.09677744798901466,1.0,0.5939226838361725,0.5535069379698948,0.42517121507833916,0.5089440179338279,-0.3881116212035575,-0.7172663122499726,0.5273807978608347,0.7809124570284477,-0.6005656378312567,-0.28460327789829,-0.059755596224002505,-0.4155891666568873
TJ20_49,0.9368669451871984,0.737044001171388,0.6532250646004186,-0.3543196725748287,-0.3225163205716965,-0.25090296814812113,-0.20233791512599134,-0.05705055160595665,0.24755210090141408,-0.9402912507280486,-0.5972953408408366,0.7062575899831853,0.15434054822713741,-0.22489221303639795,-0.9847174395889849,0.44199034222333966,-0.8033987334697558,0.6364503751312742,0.015412970078048796,0.3533853390604118,-0.9165242668144176,0.20199205188416894,0.14770248711833903,-0.44250603550998996,-0.19793270983232433,0.6995165091006386,0.19381836866147,-0.03369844960445243,-0.029191291884396033,0.6770669623243579,0.06750986318498574,-0.9589528644983547,0.6711188651368153,-0.38773394617604146,0.20308157697682053,0.5842777793142913,-0.3450890494243998,0.5098296224665376,0.018322569677939694,-0.3648878463392003,-0.7955384762817024,-0.5539937668647021,0.2734842206200108,-0.528975137011198,0.5251915507404226,0.3346413645896746,-0.3013746395760195,0.5939226838361725,1.0,-0.03680797492146761,0.6824937269037344,0.24164098979049584,0.32737293049318683,-0.017938078931839553,0.832668300670237,0.3897645400476825,-0.941492137959402,0.1405881251208002,0.3996752866326936,0.29401380025814344
T2X3_50,-0.00825736314727535,0.646001999777188,0.44110553837591243,-0.5661058413535822,-0.05451215406732986,0.2502238023117968,0.8948116552037996,0.30921542259974405,0.6822891865535842,-0.053749224075513156,0.5433651470355642,0.2636426560276305,0.7181330826604935,0.13118073160544197,0.18830885443910023,0.05284117821645694,0.44804611528796073,-0.36698399358009637,-0.07223545807259214,0.5501599758091037,-0.16646349863326051,-0.5555208645567437,-0.011878870351883855,-0.8148080601311228,0.4724129172106823,0.4968130244719582,0.3205455890530732,-0.694138924856924,-0.8739263598408539,-0.12761468040958943,-0.8916257727066209,0.0700632835844091,0.41533612723420515,-0.19583939333398268,-0.05185334200647257,-0.5298579615322241,0.2733836856180645,0.4224429009064044,-0.8523153122151469,-0.7841142929379642,0.4490713732265034,-0.31234216234552287,0.2543071719850179,-0.5356771088533009,0.8235313836171423,-0.23118515123162178,-0.4280013684700935,0.5535069379698948,-0.03680797492146761,1.0,-0.5159248663433043,-0.24989199025527548,-0.9347883345752661,-0.9453704188191894,0.30143792944179315,0.8521952932566772,0.13207248622893464,-0.7733151084701841,0.07821786756144987,-0.9561348566982848
PBY22_51,0.8115757951437553,0.15332962257353563,0.498247864655662,-0.3475048324819962,-0.425409197818547,-0.41558578576892563,-0.6826626224910944,-0.6503093026767015,-0.5351720410120714,-0.776179642567005,-0.35065243516320077,0.3072333266854188,-0.4146645585447159,-0.7232192504633639,-0.7809557499671396,0.1665861364150905,-0.9640916044931089,0.2571177274728787,-0.2961813145814529,0.3368254634117677,-0.5216745353821596,0.3526744690552888,0.6372040035907981,0.012202695183067049,-0.1226181277396296,0.22356304034514984,0.40995717664776615,-0.05229726864158569,0.6402390068627495,0.3655693014536391,0.6570263537072125,-0.6581520767895759,0.052528594308303804,0.15990373002515432,0.6898302439565542,0.6574145228290365,0.006536355586673174,-0.24252016374694788,0.6407783632151255,-0.08945656877788424,-0.5932444238985392,0.17301353669620403,-0.049953807399857816,-0.2750314326287379,-0.07512629330033982,0.28272881893047197,0.36422062761232693,0.42517121507833916,0.6824937269037344,-0.5159248663433043,1.0,0.781930086657845,0.6183375282879381,0.30578249682393893,0.2719041991847529,-0.09552534257528725,-0.7987925313521926,0.578225608320627,-0.07253232696468014,0.6155466214689863
CBC1_52,0.5221293554128282,-0.024470772806735347,0.579064009774591,-0.6355881080413911,-0.3103198691094927,-0.16301247552821202,-0.3799792802611554,-0.9505552605667924,-0.7426639774434455,-0.5071049892713202,0.22728912152980754,0.16597397239171324,-0.5291563739282512,-0.9921057471756318,-0.34335179476407096,-0.24566583662493777,-0.6842748964314492,-0.3034736915852716,-0.41633895303872825,0.6375316743737898,-0.22865833597542012,0.23898159848554018,0.9610277732856083,-0.013062518710856603,0.11182204887902578,-0.04320244398759843,0.7976181634351677,-0.5113418695932939,0.6382856939206061,-0.18834761777515258,0.4675654612988891,-0.269768896561694,-0.3565086232507619,0.6297350055022218,0.9584128641032045,0.1605092019217339,0.3736276410123794,-0.6681409773110525,0.5010880741523402,-0.33113258588923167,0.03335783697919586,0.556608559062165,-0.34839555748751727,-0.2105654023346013,-0.12947291057256644,0.21370474625950012,0.7362060918173636,0.5089440179338279,0.24164098979049584,-0.24989199025527548,0.781930086657845,1.0,0.17047394303174968,0.006283224756668697,-0.036590965728623644,0.04817762580143164,-0.4827616997154158,0.5086713628102046,-0.3000572983541419,0.19559103068095463
MGC1_53,0.2570424790417236,-0.3696808236213818,-0.32196854271674774,0.5202199103616845,-0.137769895553797,-0.4329739440497395,-0.9254458634799833,-0.13899349168663783,-0.47081525278130854,-0.19192117682789078,-0.7078303400837485,-0.13851619561222647,-0.4841885688873558,-0.048000999351227924,-0.4465008142640205,0.2487346753935927,-0.5791480186845266,0.5510187986102215,0.009336803922799574,-0.528124190512954,-0.057725882300929954,0.447518256696317,-0.06711384852428558,0.5934940757733755,-0.4180328281901567,-0.17219765224367362,-0.40218137229307166,0.7414035900662892,0.7145129974819219,0.46011327963079984,0.8623977280903219,-0.30140852688054537,-0.06745702638381505,-0.11070350356085656,0.003661315419938295,0.765959324868936,-0.32866676264190686,-0.12180659484874425,0.8102503946056968,0.6999926327812386,-0.7348980173209656,0.09308902617412343,0.019143737084932454,0.28583861000028704,-0.5848779169180273,0.1685673047142856,0.1456109932262027,-0.3881116212035575,0.32737293049318683,-0.9347883345752661,0.6183375282879381,0.17047394303174968,1.0,0.8684758276894272,-0.06981809439747994,-0.7343066706674615,-0.3338432454375496,0.6346628804194845,-0.01746408742171219,0.9967832095477341
MCC1_54,-0.1462905450773318,-0.6488095355966439,-0.5423327147328644,0.7271612728527598,0.3322775849552713,-0.0038360979471524113,-0.7202362355699425,-0.1320212046870889,-0.4911788479841322,0.19109774479205405,-0.6730980835443702,-0.15973320384714865,-0.7096009672383766,0.10483555844023744,-0.11901898988801729,-0.1737228878560758,-0.30581392838631416,0.5325868725324207,0.3723344352554897,-0.676501719522486,0.14360317522643035,0.6819660154182012,-0.24881660438752373,0.8920181148834727,-0.6855277540053507,-0.5931651223235146,-0.457063188114332,0.8088960415472131,0.7533002687266992,0.04208422066137623,0.6991072291185272,-0.07086464193461066,-0.41743187561659517,0.1611369285465485,-0.22917175943656898,0.357519520550371,-0.5278308382180537,-0.2849937328920958,0.6406523576880416,0.8417377694641103,-0.40500419473068494,0.08526046479895756,-0.35787534221948,0.7224582002377372,-0.8167176273183996,0.38537399372618447,0.3364861379666646,-0.7172663122499726,-0.017938078931839553,-0.9453704188191894,0.30578249682393893,0.006283224756668697,0.8684758276894272,1.0,-0.19913707796060617,-0.8106850057075871,-0.0647529200428673,0.775054544768973,0.18018653213971128,0.89764160707194
CGC1_55,0.6794423654801307,0.8303755103053791,0.6795571405125975,-0.36045499274719606,0.1253636479278787,0.26299620993254164,0.30893656247701146,0.10818357612301031,0.570807732463863,-0.7286359282402032,-0.5363813830820229,0.9360445747856672,0.22301968520714244,0.0036785629700517874,-0.7746708091441437,0.1147816387735602,-0.4965079948824828,0.6690076589927964,0.4287093301362418,0.41909633458225737,-0.9596876686979027,0.3073169380983697,-0.08927271040180294,-0.4963683124069498,-0.3918720852042544,0.5754750946117656,0.23483479802773444,-0.1685451681289228,-0.3360952882596375,0.34733948453366803,-0.43531682873468336,-0.8962913924040729,0.6131735838805957,-0.2907710576664152,-0.09076032370004494,0.08060250252939136,-0.5853421539315582,0.6445452102350016,-0.49260875004042337,-0.5420624548819135,-0.4729215179134948,-0.8452337075079034,0.03128634747571017,-0.34093736390898327,0.6868433457758103,0.5657370311986929,-0.36018236184292296,0.5273807978608347,0.832668300670237,0.30143792944179315,0.2719041991847529,-0.036590965728623644,-0.06981809439747994,-0.19913707796060617,1.0,0.6889674016649099,-0.7955096952359908,0.03254518336855059,0.7668530309223084,-0.08431524521000423
GNC1_56,0.40891395596178437,0.8549632103653493,0.804458209859738,-0.7654278896150981,0.003807054529166828,0.3437935740431592,0.7707424363564285,0.022052600275676494,0.5924417628908099,-0.48000620477832734,0.23394437116492578,0.7036832522161922,0.4804204908106367,-0.1561881413906569,-0.27555035362757924,-0.04047997244621979,-0.0445282462480034,-0.05142115913154974,0.08977947854827091,0.7912759851089065,-0.6288634975498212,-0.17822262687480034,0.19416417176087525,-0.8321998448899773,0.1677760585183659,0.5872330690207994,0.5836645348022127,-0.7585904436011315,-0.6549476657621318,-0.05118019071604849,-0.7978101877392137,-0.4209470326185478,0.4634505272452892,-0.07007105217822271,0.15344310774654588,-0.39249830255061346,0.00470768864958464,0.4244515268822806,-0.7863525589243137,-0.9464538855208363,0.18239230365940742,-0.49504642272082144,0.05377227685800878,-0.5740317456849641,0.9010837729212505,0.1898335476909837,-0.2669624713652285,0.7809124570284477,0.3897645400476825,0.8521952932566772,-0.09552534257528725,0.04817762580143164,-0.7343066706674615,-0.8106850057075871,0.6889674016649099,1.0,-0.37869526050808566,-0.4188057886205735,0.3781845611156781,-0.7456446918225389
RDC1_57,-0.9305825830259008,-0.6104529909627148,-0.7482234574253881,0.45595651973034856,0.17371323725412868,0.07650802710292597,0.2257933059010701,0.36091247666072207,-0.009707025148075945,0.9404761092653262,0.5454675103250735,-0.7874090307671701,0.13774536154423728,0.4680230111044959,0.9688706886428552,-0.15070090907336106,0.9176451009162437,-0.5706573054470145,-0.09031880332997888,-0.48889322568110105,0.9289095760806207,-0.42717963560377836,-0.35904662458663705,0.2978489975316911,0.3295082126261681,-0.4854816191172036,-0.42533819887966934,0.1546275286302741,-0.20052596847834683,-0.42201313669176455,-0.13441858457589737,0.9722063428004388,-0.3966862887341705,0.055412494182063225,-0.38825529460831854,-0.44300057762047096,0.36208268869249394,-0.23248344749913732,-0.0890496973867496,0.4057034887964496,0.6492583346786358,0.4124955086630101,0.036368752037808996,0.37614828958385366,-0.37794101776094235,-0.5472918896678879,-0.02586281945937634,-0.6005656378312567,-0.941492137959402,0.13207248622893464,-0.7987925313521926,-0.4827616997154158,-0.3338432454375496,-0.0647529200428673,-0.7955096952359908,-0.37869526050808566,1.0,-0.396138485854491,-0.43977556675431867,-0.32497328440814727
PDC1_58,0.13702668969148762,-0.4462677644186744,0.009590154577457056,0.17516891593531347,0.4164162650955868,0.2731147681424397,-0.5355197412090679,-0.6596697134879876,-0.6769385555534326,-0.12323292794295466,-0.4857877292099227,0.2464377951139855,-0.9494610413672332,-0.4394237182002665,-0.30114810273147685,-0.5460370021924783,-0.6101362647454994,0.3845596416784062,0.3928700112752642,-0.07825708706938828,-0.17820192154688,0.9081105952301879,0.26833174306025154,0.713455184282785,-0.737696781332413,-0.591471636067302,0.19602411511720505,0.2719979536841361,0.8861434939478917,-0.27954326213642494,0.5675318841573683,-0.3230670753627209,-0.5984312568037776,0.6213360556758738,0.24480002730594289,0.10130280786185679,-0.4652091921763938,-0.5567381741810771,0.524337359256728,0.35240305779971964,-0.18437765789564806,0.16022030085972921,-0.7390623271208752,0.6066369116408131,-0.6450572063020115,0.736957898410124,0.7404271551176649,-0.28460327789829,0.1405881251208002,-0.7733151084701841,0.578225608320627,0.5086713628102046,0.6346628804194845,0.775054544768973,0.03254518336855059,-0.4188057886205735,-0.396138485854491,1.0,0.3074935621601179,0.6904903387358344
YDC1_59,0.1379295356659123,0.34551872450455373,0.23079551481881147,0.10480760990583751,0.7138519903837294,0.7090576387687322,0.37434289372754576,0.17029960933267702,0.4752003967678799,-0.19652593969567095,-0.6483220994287984,0.8084604876717049,-0.13745153933032958,0.28221737863630025,-0.385444417766558,-0.34735154310601374,-0.1896566250736149,0.7651840050677717,0.9084481351219783,0.022979717065936472,-0.6412973015743544,0.6689891091113962,-0.4234335839219395,0.04997994032344847,-0.8177710862288489,-0.02778288913080435,-0.018280554825238104,0.1480328764682464,-0.1636110238938639,-0.07866656293567015,-0.4634142863185682,-0.5969051966512807,0.1525493237689271,-0.015225138184825557,-0.47316510846066784,-0.2808874062913292,-0.9180048602343104,0.43704295872410037,-0.5408451390291319,-0.13711551538045316,-0.2007656700654329,-0.8398214147362913,-0.41178387669267574,0.319892408160185,0.23032718933596838,0.8281916417019075,-0.1344530055602693,-0.059755596224002505,0.3996752866326936,0.07821786756144987,-0.07253232696468014,-0.3000572983541419,-0.01746408742171219,0.18018653213971128,0.7668530309223084,0.3781845611156781,-0.43977556675431867,0.3074935621601179,1.0,0.006854740134741292
BDC1_60,0.2261855823792794,-0.41293907955285597,-0.3258696660976522,0.5241058360292375,-0.07640741645544115,-0.37266779555692087,-0.9177054709509564,-0.18647902160747973,-0.5113884294918769,-0.16342687121858065,-0.7030058461105477,-0.1262679110946932,-0.5510816546886971,-0.07361625413673367,-0.4219332619032867,0.17042330685396612,-0.5795561528716506,0.5446198587112719,0.05208387668637985,-0.5218062067282563,-0.04578002169765175,0.5057723111733791,-0.04982896328244997,0.643507741122597,-0.46442358168421893,-0.24007612963471206,-0.3727708355451205,0.7327461307005885,0.7575696336985853,0.3898228813454317,0.8641547627553624,-0.28868895643812764,-0.1380902666419874,-0.03791531561309285,0.01312358122550347,0.715628744501061,-0.3514173112166213,-0.1777724460969736,0.811587756967675,0.7087604276394165,-0.6910167747654259,0.11307390809273093,-0.060077386254657125,0.34681052022315695,-0.6292688755889703,0.22214558073587112,0.21249787429849112,-0.4155891666568873,0.29401380025814344,-0.9561348566982848,0.6155466214689863,0.19559103068095463,0.9967832095477341,0.89764160707194,-0.08431524521000423,-0.7456446918225389,-0.32497328440814727,0.6904903387358344,0.006854740134741292,1.0
